,avg_retrieval_time,avg_llm_time,avg_hit_rate,avg_mrr,avg_distractor_recall
Vector,787.9977777777779,2163.344722222222,1.0,0.9861111111111112,0.0
RAG,1153.6516666666666,2812.319166666666,1.0,0.9861111111111112,0.0
